,filter_interaction,example_no,motif1,motif1_qval,motif2,motif2_qval,mean_distance,mean_distance_bg,num_obs,num_obs_bg,pval,adjusted_pval,TF1,TF2,TF_Interaction,TF1_Family,TF2_Family,Family_Interaction
0,filter2$\longleftrightarrow$filter8,402,M4427_1.02,0.0254407,M4459_1.02,0.0134448,42.0,102.0,195.0,136.0,0.0002999118154979,0.0169793448316272,CTCF,EGR1,CTCF$\longleftrightarrow$EGR1,C2H2 ZF,C2H2 ZF,C2H2 ZF$\longleftrightarrow$C2H2 ZF
1,filter6$\longleftrightarrow$filter8,1180,M0609_1.02,0.0351668,M4459_1.02,0.0134448,294.0,60.0,235.0,153.0,0.0002780191718581,0.0161784778769231,DNMT1,EGR1,DNMT1$\longleftrightarrow$EGR1,CxxC,C2H2 ZF,CxxC$\longleftrightarrow$C2H2 ZF
2,filter6$\longleftrightarrow$filter14,1186,M0609_1.02,0.0351668,M0404_1.02,0.041414,12.0,6.0,229.0,158.0,0.0006907992780369,0.0321392654207466,DNMT1,ZNF202,DNMT1$\longleftrightarrow$ZNF202,CxxC,C2H2 ZF,CxxC$\longleftrightarrow$C2H2 ZF
3,filter6$\longleftrightarrow$filter43,1215,M0609_1.02,0.0351668,M4459_1.02,0.0168441,306.0,42.0,211.0,158.0,0.0009373670506636,0.0402254590965168,DNMT1,EGR1,DNMT1$\longleftrightarrow$EGR1,CxxC,C2H2 ZF,CxxC$\longleftrightarrow$C2H2 ZF
4,filter6$\longleftrightarrow$filter112,1284,M0609_1.02,0.0351668,M2314_1.02,0.000382499,96.0,6.0,229.0,112.0,1.782358265892855e-07,6.0911283574040186e-05,DNMT1,SP2,DNMT1$\longleftrightarrow$SP2,CxxC,C2H2 ZF,CxxC$\longleftrightarrow$C2H2 ZF
5,filter6$\longleftrightarrow$filter135,1307,M0609_1.02,0.0351668,M4640_1.02,0.0301633,192.0,78.0,217.0,133.0,0.0010730228601143,0.0449187921574836,DNMT1,ZBTB7A,DNMT1$\longleftrightarrow$ZBTB7A,CxxC,C2H2 ZF,CxxC$\longleftrightarrow$C2H2 ZF
6,filter6$\longleftrightarrow$filter138,1310,M0609_1.02,0.0351668,M4604_1.02,0.0165503,24.0,264.0,213.0,110.0,1.0381463643614198e-05,0.0013457240734163,DNMT1,ZNF263,DNMT1$\longleftrightarrow$ZNF263,CxxC,C2H2 ZF,CxxC$\longleftrightarrow$C2H2 ZF
7,filter6$\longleftrightarrow$filter140,1312,M0609_1.02,0.0351668,M6482_1.02,0.0115435,222.0,126.0,191.0,128.0,6.723844630068882e-06,0.0009647433867692,DNMT1,SP7,DNMT1$\longleftrightarrow$SP7,CxxC,C2H2 ZF,CxxC$\longleftrightarrow$C2H2 ZF
8,filter6$\longleftrightarrow$filter184,1356,M0609_1.02,0.0351668,M4459_1.02,0.00536543,192.0,42.0,223.0,116.0,0.0002129492424197,0.0129115934210364,DNMT1,EGR1,DNMT1$\longleftrightarrow$EGR1,CxxC,C2H2 ZF,CxxC$\longleftrightarrow$C2H2 ZF
9,filter8$\longleftrightarrow$filter9,1564,M4459_1.02,0.0134448,M6482_1.02,0.0081229,198.0,96.0,212.0,160.0,0.0005665286400144,0.0278719324036992,EGR1,SP7,EGR1$\longleftrightarrow$SP7,C2H2 ZF,C2H2 ZF,C2H2 ZF$\longleftrightarrow$C2H2 ZF
10,filter8$\longleftrightarrow$filter14,1569,M4459_1.02,0.0134448,M0404_1.02,0.041414,84.0,180.0,232.0,168.0,5.828299201083884e-05,0.0049569552843245,EGR1,ZNF202,EGR1$\longleftrightarrow$ZNF202,C2H2 ZF,C2H2 ZF,C2H2 ZF$\longleftrightarrow$C2H2 ZF
11,filter8$\longleftrightarrow$filter16,1571,M4459_1.02,0.0134448,M0891_1.02,0.00684254,18.0,120.0,201.0,132.0,4.180440018696535e-05,0.0037776707015105,EGR1,TLX2,EGR1$\longleftrightarrow$TLX2,C2H2 ZF,Homeodomain,C2H2 ZF$\longleftrightarrow$Homeodomain
12,filter8$\longleftrightarrow$filter63,1618,M4459_1.02,0.0134448,M4850_1.02,0.045672,168.0,30.0,206.0,133.0,0.000149877918516,0.0100610905586686,EGR1,TCF15,EGR1$\longleftrightarrow$TCF15,C2H2 ZF,bHLH,C2H2 ZF$\longleftrightarrow$bHLH
13,filter8$\longleftrightarrow$filter108,1663,M4459_1.02,0.0134448,M0891_1.02,0.00301044,66.0,162.0,224.0,169.0,0.0005858800075498,0.0285290171552009,EGR1,TLX2,EGR1$\longleftrightarrow$TLX2,C2H2 ZF,Homeodomain,C2H2 ZF$\longleftrightarrow$Homeodomain
14,filter8$\longleftrightarrow$filter112,1667,M4459_1.02,0.0134448,M2314_1.02,0.000382499,42.0,12.0,232.0,120.0,6.307116569685468e-11,1.811793584943174e-07,EGR1,SP2,EGR1$\longleftrightarrow$SP2,C2H2 ZF,C2H2 ZF,C2H2 ZF$\longleftrightarrow$C2H2 ZF
15,filter8$\longleftrightarrow$filter135,1690,M4459_1.02,0.0134448,M4640_1.02,0.0301633,156.0,90.0,217.0,139.0,0.0001100423233719,0.0081749766171877,EGR1,ZBTB7A,EGR1$\longleftrightarrow$ZBTB7A,C2H2 ZF,C2H2 ZF,C2H2 ZF$\longleftrightarrow$C2H2 ZF
16,filter8$\longleftrightarrow$filter138,1693,M4459_1.02,0.0134448,M4604_1.02,0.0165503,12.0,30.0,215.0,118.0,0.0001764157408619,0.0113948806365662,EGR1,ZNF263,EGR1$\longleftrightarrow$ZNF263,C2H2 ZF,C2H2 ZF,C2H2 ZF$\longleftrightarrow$C2H2 ZF
17,filter8$\longleftrightarrow$filter140,1695,M4459_1.02,0.0134448,M6482_1.02,0.0115435,150.0,126.0,194.0,140.0,0.0009265670537474,0.0399443906932021,EGR1,SP7,EGR1$\longleftrightarrow$SP7,C2H2 ZF,C2H2 ZF,C2H2 ZF$\longleftrightarrow$C2H2 ZF
18,filter8$\longleftrightarrow$filter171,1726,M4459_1.02,0.0134448,M1668_1.02,0.00131286,24.0,12.0,229.0,129.0,2.2783515554441056e-05,0.0024753697015102,EGR1,PRKRIR,EGR1$\longleftrightarrow$PRKRIR,C2H2 ZF,THAP finger,C2H2 ZF$\longleftrightarrow$THAP finger
19,filter8$\longleftrightarrow$filter173,1728,M4459_1.02,0.0134448,M6482_1.02,1.54228e-05,84.0,174.0,216.0,104.0,8.202374339061455e-05,0.0065605033224254,EGR1,SP7,EGR1$\longleftrightarrow$SP7,C2H2 ZF,C2H2 ZF,C2H2 ZF$\longleftrightarrow$C2H2 ZF
20,filter14$\longleftrightarrow$filter16,2696,M0404_1.02,0.041414,M0891_1.02,0.00684254,6.0,30.0,196.0,143.0,0.0003544380794074,0.019254387689428,ZNF202,TLX2,ZNF202$\longleftrightarrow$TLX2,C2H2 ZF,Homeodomain,C2H2 ZF$\longleftrightarrow$Homeodomain
21,filter14$\longleftrightarrow$filter47,2727,M0404_1.02,0.041414,M0608_1.02,0.0471865,204.0,24.0,182.0,125.0,0.000228107040929,0.0136111109247681,ZNF202,MLL,ZNF202$\longleftrightarrow$MLL,C2H2 ZF,CxxC,CxxC$\longleftrightarrow$C2H2 ZF
22,filter14$\longleftrightarrow$filter60,2740,M0404_1.02,0.041414,M0891_1.02,0.00994526,12.0,84.0,115.0,93.0,0.0006605117583678,0.0312719874314426,ZNF202,TLX2,ZNF202$\longleftrightarrow$TLX2,C2H2 ZF,Homeodomain,C2H2 ZF$\longleftrightarrow$Homeodomain
23,filter14$\longleftrightarrow$filter71,2751,M0404_1.02,0.041414,M0408_1.02,0.00856194,12.0,210.0,219.0,182.0,0.0001347774230902,0.0093372067403853,ZNF202,ZKSCAN1,ZNF202$\longleftrightarrow$ZKSCAN1,C2H2 ZF,C2H2 ZF,C2H2 ZF$\longleftrightarrow$C2H2 ZF
24,filter14$\longleftrightarrow$filter97,2777,M0404_1.02,0.041414,M0891_1.02,0.0026062,72.0,6.0,232.0,165.0,6.100366018998683e-07,0.0001549492968825,ZNF202,TLX2,ZNF202$\longleftrightarrow$TLX2,C2H2 ZF,Homeodomain,C2H2 ZF$\longleftrightarrow$Homeodomain
25,filter14$\longleftrightarrow$filter112,2792,M0404_1.02,0.041414,M2314_1.02,0.000382499,78.0,84.0,228.0,137.0,1.5106481213484565e-07,5.460411940166459e-05,ZNF202,SP2,ZNF202$\longleftrightarrow$SP2,C2H2 ZF,C2H2 ZF,C2H2 ZF$\longleftrightarrow$C2H2 ZF
26,filter14$\longleftrightarrow$filter129,2809,M0404_1.02,0.041414,M0609_1.02,0.00722919,60.0,84.0,190.0,160.0,0.0001510054760014,0.0100833011857345,ZNF202,DNMT1,DNMT1$\longleftrightarrow$ZNF202,C2H2 ZF,CxxC,CxxC$\longleftrightarrow$C2H2 ZF
27,filter14$\longleftrightarrow$filter135,2815,M0404_1.02,0.041414,M4640_1.02,0.0301633,54.0,6.0,214.0,139.0,4.149655609152405e-07,0.0001114241811851,ZNF202,ZBTB7A,ZNF202$\longleftrightarrow$ZBTB7A,C2H2 ZF,C2H2 ZF,C2H2 ZF$\longleftrightarrow$C2H2 ZF
28,filter14$\longleftrightarrow$filter138,2818,M0404_1.02,0.041414,M4604_1.02,0.0165503,414.0,114.0,215.0,123.0,5.99015515941577e-06,0.0008796168466904,ZNF202,ZNF263,ZNF202$\longleftrightarrow$ZNF263,C2H2 ZF,C2H2 ZF,C2H2 ZF$\longleftrightarrow$C2H2 ZF
29,filter14$\longleftrightarrow$filter140,2820,M0404_1.02,0.041414,M6482_1.02,0.0115435,120.0,60.0,193.0,149.0,0.00053494628299,0.0269929378640108,ZNF202,SP7,ZNF202$\longleftrightarrow$SP7,C2H2 ZF,C2H2 ZF,C2H2 ZF$\longleftrightarrow$C2H2 ZF
30,filter14$\longleftrightarrow$filter171,2851,M0404_1.02,0.041414,M1668_1.02,0.00131286,12.0,18.0,229.0,150.0,2.6330198030528057e-06,0.000457424747295,ZNF202,PRKRIR,ZNF202$\longleftrightarrow$PRKRIR,C2H2 ZF,THAP finger,C2H2 ZF$\longleftrightarrow$THAP finger
31,filter14$\longleftrightarrow$filter173,2853,M0404_1.02,0.041414,M6482_1.02,1.54228e-05,72.0,6.0,217.0,103.0,0.0009303414286604,0.0400153260711692,ZNF202,SP7,ZNF202$\longleftrightarrow$SP7,C2H2 ZF,C2H2 ZF,C2H2 ZF$\longleftrightarrow$C2H2 ZF
32,filter14$\longleftrightarrow$filter184,2864,M0404_1.02,0.041414,M4459_1.02,0.00536543,72.0,144.0,224.0,139.0,1.8843980017547385e-06,0.0003472465180488,ZNF202,EGR1,EGR1$\longleftrightarrow$ZNF202,C2H2 ZF,C2H2 ZF,C2H2 ZF$\longleftrightarrow$C2H2 ZF
33,filter16$\longleftrightarrow$filter112,3159,M0891_1.02,0.00684254,M2314_1.02,0.000382499,42.0,126.0,192.0,105.0,0.0001960902848403,0.0121381962993907,TLX2,SP2,TLX2$\longleftrightarrow$SP2,Homeodomain,C2H2 ZF,C2H2 ZF$\longleftrightarrow$Homeodomain
34,filter16$\longleftrightarrow$filter140,3187,M0891_1.02,0.00684254,M6482_1.02,0.0115435,24.0,180.0,163.0,119.0,0.0002855519851701,0.0164576935332777,TLX2,SP7,TLX2$\longleftrightarrow$SP7,Homeodomain,C2H2 ZF,C2H2 ZF$\longleftrightarrow$Homeodomain
35,filter16$\longleftrightarrow$filter170,3217,M0891_1.02,0.00684254,M0609_1.02,0.0313796,48.0,234.0,166.0,119.0,0.0011073349413485,0.0460474945964319,TLX2,DNMT1,TLX2$\longleftrightarrow$DNMT1,Homeodomain,CxxC,Homeodomain$\longleftrightarrow$CxxC
36,filter43$\longleftrightarrow$filter106,7716,M4459_1.02,0.0168441,M0609_1.02,0.0198681,240.0,6.0,203.0,128.0,4.387844152393242e-05,0.0039273294613515,EGR1,DNMT1,DNMT1$\longleftrightarrow$EGR1,C2H2 ZF,CxxC,CxxC$\longleftrightarrow$C2H2 ZF
37,filter43$\longleftrightarrow$filter112,7722,M4459_1.02,0.0168441,M2314_1.02,0.000382499,252.0,348.0,208.0,130.0,3.811681786698831e-05,0.0035643965603378,EGR1,SP2,EGR1$\longleftrightarrow$SP2,C2H2 ZF,C2H2 ZF,C2H2 ZF$\longleftrightarrow$C2H2 ZF
38,filter43$\longleftrightarrow$filter135,7745,M4459_1.02,0.0168441,M4640_1.02,0.0301633,258.0,216.0,199.0,140.0,0.0005979279334141,0.0289656016403401,EGR1,ZBTB7A,EGR1$\longleftrightarrow$ZBTB7A,C2H2 ZF,C2H2 ZF,C2H2 ZF$\longleftrightarrow$C2H2 ZF
39,filter43$\longleftrightarrow$filter171,7781,M4459_1.02,0.0168441,M1668_1.02,0.00131286,90.0,18.0,207.0,146.0,0.0002116312617463,0.0129115934210364,EGR1,PRKRIR,EGR1$\longleftrightarrow$PRKRIR,C2H2 ZF,THAP finger,C2H2 ZF$\longleftrightarrow$THAP finger
40,filter43$\longleftrightarrow$filter173,7783,M4459_1.02,0.0168441,M6482_1.02,1.54228e-05,84.0,6.0,198.0,108.0,0.0002778761531338,0.0161784778769231,EGR1,SP7,EGR1$\longleftrightarrow$SP7,C2H2 ZF,C2H2 ZF,C2H2 ZF$\longleftrightarrow$C2H2 ZF
41,filter47$\longleftrightarrow$filter112,8336,M0608_1.02,0.0471865,M2314_1.02,0.000382499,6.0,150.0,183.0,92.0,3.616380745695648e-05,0.0034504310911723,MLL,SP2,MLL$\longleftrightarrow$SP2,CxxC,C2H2 ZF,CxxC$\longleftrightarrow$C2H2 ZF
42,filter47$\longleftrightarrow$filter135,8359,M0608_1.02,0.0471865,M4640_1.02,0.0301633,24.0,6.0,170.0,103.0,0.0003494991569209,0.0190411192854696,MLL,ZBTB7A,MLL$\longleftrightarrow$ZBTB7A,CxxC,C2H2 ZF,CxxC$\longleftrightarrow$C2H2 ZF
43,filter47$\longleftrightarrow$filter138,8362,M0608_1.02,0.0471865,M4604_1.02,0.0165503,348.0,318.0,170.0,82.0,5.2606241382466536e-05,0.0045533488259743,MLL,ZNF263,MLL$\longleftrightarrow$ZNF263,CxxC,C2H2 ZF,CxxC$\longleftrightarrow$C2H2 ZF
44,filter47$\longleftrightarrow$filter140,8364,M0608_1.02,0.0471865,M6482_1.02,0.0115435,12.0,6.0,151.0,101.0,0.0006979264669852,0.0323109011661438,MLL,SP7,MLL$\longleftrightarrow$SP7,CxxC,C2H2 ZF,CxxC$\longleftrightarrow$C2H2 ZF
45,filter47$\longleftrightarrow$filter171,8395,M0608_1.02,0.0471865,M1668_1.02,0.00131286,24.0,6.0,177.0,107.0,0.0009203892464109,0.0397692787943439,MLL,PRKRIR,MLL$\longleftrightarrow$PRKRIR,CxxC,THAP finger,CxxC$\longleftrightarrow$THAP finger
46,filter47$\longleftrightarrow$filter184,8408,M0608_1.02,0.0471865,M4459_1.02,0.00536543,102.0,108.0,177.0,91.0,6.42432741025565e-05,0.0054148725561957,MLL,EGR1,MLL$\longleftrightarrow$EGR1,CxxC,C2H2 ZF,CxxC$\longleftrightarrow$C2H2 ZF
47,filter51$\longleftrightarrow$filter112,8934,M0607_1.02,0.00161465,M2314_1.02,0.000382499,54.0,114.0,81.0,99.0,0.0010070709368678,0.0426326696607377,KDM2B,SP2,KDM2B$\longleftrightarrow$SP2,CxxC,C2H2 ZF,CxxC$\longleftrightarrow$C2H2 ZF
48,filter63$\longleftrightarrow$filter112,10632,M4850_1.02,0.045672,M2314_1.02,0.000382499,102.0,12.0,203.0,107.0,5.355491355788303e-06,0.0008052945241871,TCF15,SP2,TCF15$\longleftrightarrow$SP2,bHLH,C2H2 ZF,C2H2 ZF$\longleftrightarrow$bHLH
49,filter63$\longleftrightarrow$filter135,10655,M4850_1.02,0.045672,M4640_1.02,0.0301633,102.0,378.0,190.0,111.0,4.336522839959521e-05,0.0038999657081281,TCF15,ZBTB7A,TCF15$\longleftrightarrow$ZBTB7A,bHLH,C2H2 ZF,C2H2 ZF$\longleftrightarrow$bHLH
50,filter67$\longleftrightarrow$filter112,11166,M6420_1.02,0.0410243,M2314_1.02,0.000382499,156.0,144.0,199.0,117.0,1.8136036996317387e-05,0.0020535238035107,PLAG1,SP2,PLAG1$\longleftrightarrow$SP2,C2H2 ZF,C2H2 ZF,C2H2 ZF$\longleftrightarrow$C2H2 ZF
51,filter67$\longleftrightarrow$filter135,11189,M6420_1.02,0.0410243,M4640_1.02,0.0301633,36.0,6.0,187.0,114.0,0.0004825485902955,0.0247813751453409,PLAG1,ZBTB7A,PLAG1$\longleftrightarrow$ZBTB7A,C2H2 ZF,C2H2 ZF,C2H2 ZF$\longleftrightarrow$C2H2 ZF
52,filter67$\longleftrightarrow$filter171,11225,M6420_1.02,0.0410243,M1668_1.02,0.00131286,258.0,36.0,197.0,123.0,0.0003579060287973,0.0193867484647682,PLAG1,PRKRIR,PLAG1$\longleftrightarrow$PRKRIR,C2H2 ZF,THAP finger,C2H2 ZF$\longleftrightarrow$THAP finger
53,filter67$\longleftrightarrow$filter173,11227,M6420_1.02,0.0410243,M6482_1.02,1.54228e-05,42.0,12.0,184.0,90.0,4.7149486045477546e-05,0.0041412230827607,PLAG1,SP7,PLAG1$\longleftrightarrow$SP7,C2H2 ZF,C2H2 ZF,C2H2 ZF$\longleftrightarrow$C2H2 ZF
54,filter71$\longleftrightarrow$filter112,11684,M0408_1.02,0.00856194,M2314_1.02,0.000382499,30.0,24.0,216.0,140.0,1.3307996482940594e-06,0.0002661032998865,ZKSCAN1,SP2,ZKSCAN1$\longleftrightarrow$SP2,C2H2 ZF,C2H2 ZF,C2H2 ZF$\longleftrightarrow$C2H2 ZF
55,filter71$\longleftrightarrow$filter135,11707,M0408_1.02,0.00856194,M4640_1.02,0.0301633,312.0,294.0,204.0,145.0,7.961839947178468e-05,0.0064227786973032,ZKSCAN1,ZBTB7A,ZKSCAN1$\longleftrightarrow$ZBTB7A,C2H2 ZF,C2H2 ZF,C2H2 ZF$\longleftrightarrow$C2H2 ZF
56,filter71$\longleftrightarrow$filter138,11710,M0408_1.02,0.00856194,M4604_1.02,0.0165503,96.0,6.0,203.0,119.0,0.0001842578405046,0.0117400351529665,ZKSCAN1,ZNF263,ZKSCAN1$\longleftrightarrow$ZNF263,C2H2 ZF,C2H2 ZF,C2H2 ZF$\longleftrightarrow$C2H2 ZF
57,filter71$\longleftrightarrow$filter173,11745,M0408_1.02,0.00856194,M6482_1.02,1.54228e-05,138.0,30.0,207.0,111.0,2.844077511320749e-05,0.0028934733888234,ZKSCAN1,SP7,ZKSCAN1$\longleftrightarrow$SP7,C2H2 ZF,C2H2 ZF,C2H2 ZF$\longleftrightarrow$C2H2 ZF
58,filter71$\longleftrightarrow$filter184,11756,M0408_1.02,0.00856194,M4459_1.02,0.00536543,18.0,210.0,212.0,141.0,0.0007827970130368,0.0351268484598109,ZKSCAN1,EGR1,ZKSCAN1$\longleftrightarrow$EGR1,C2H2 ZF,C2H2 ZF,C2H2 ZF$\longleftrightarrow$C2H2 ZF
59,filter80$\longleftrightarrow$filter112,12791,M0891_1.02,0.00715303,M2314_1.02,0.000382499,426.0,36.0,190.0,74.0,5.281070674943657e-05,0.0045533488259743,TLX2,SP2,TLX2$\longleftrightarrow$SP2,Homeodomain,C2H2 ZF,C2H2 ZF$\longleftrightarrow$Homeodomain
60,filter80$\longleftrightarrow$filter138,12817,M0891_1.02,0.00715303,M4604_1.02,0.0165503,288.0,18.0,173.0,72.0,3.225980876018089e-06,0.0005365976685454,TLX2,ZNF263,TLX2$\longleftrightarrow$ZNF263,Homeodomain,C2H2 ZF,C2H2 ZF$\longleftrightarrow$Homeodomain
61,filter93$\longleftrightarrow$filter112,14247,M4604_1.02,0.0354851,M2314_1.02,0.000382499,12.0,24.0,220.0,77.0,9.51927878370833e-07,0.0002110409217558,ZNF263,SP2,ZNF263$\longleftrightarrow$SP2,C2H2 ZF,C2H2 ZF,C2H2 ZF$\longleftrightarrow$C2H2 ZF
62,filter93$\longleftrightarrow$filter171,14306,M4604_1.02,0.0354851,M1668_1.02,0.00131286,276.0,78.0,217.0,87.0,3.727458012231558e-05,0.0035030650398952,ZNF263,PRKRIR,ZNF263$\longleftrightarrow$PRKRIR,C2H2 ZF,THAP finger,C2H2 ZF$\longleftrightarrow$THAP finger
63,filter93$\longleftrightarrow$filter173,14308,M4604_1.02,0.0354851,M6482_1.02,1.54228e-05,42.0,186.0,208.0,66.0,2.374668604925916e-05,0.0025651879941487,ZNF263,SP7,ZNF263$\longleftrightarrow$SP7,C2H2 ZF,C2H2 ZF,C2H2 ZF$\longleftrightarrow$C2H2 ZF
64,filter94$\longleftrightarrow$filter171,14411,M0607_1.02,0.0463817,M1668_1.02,0.00131286,24.0,486.0,156.0,95.0,0.0001690791675515,0.0110347640045098,KDM2B,PRKRIR,KDM2B$\longleftrightarrow$PRKRIR,CxxC,THAP finger,CxxC$\longleftrightarrow$THAP finger
65,filter97$\longleftrightarrow$filter112,14661,M0891_1.02,0.0026062,M2314_1.02,0.000382499,114.0,6.0,230.0,124.0,4.14378126398023e-06,0.0006545085095611,TLX2,SP2,TLX2$\longleftrightarrow$SP2,Homeodomain,C2H2 ZF,C2H2 ZF$\longleftrightarrow$Homeodomain
66,filter97$\longleftrightarrow$filter135,14684,M0891_1.02,0.0026062,M4640_1.02,0.0301633,66.0,6.0,215.0,126.0,3.4724750164614104e-05,0.003405281562447,TLX2,ZBTB7A,TLX2$\longleftrightarrow$ZBTB7A,Homeodomain,C2H2 ZF,C2H2 ZF$\longleftrightarrow$Homeodomain
67,filter97$\longleftrightarrow$filter138,14687,M0891_1.02,0.0026062,M4604_1.02,0.0165503,156.0,342.0,216.0,113.0,3.582952498376949e-06,0.0005755997876879,TLX2,ZNF263,TLX2$\longleftrightarrow$ZNF263,Homeodomain,C2H2 ZF,C2H2 ZF$\longleftrightarrow$Homeodomain
68,filter97$\longleftrightarrow$filter173,14722,M0891_1.02,0.0026062,M6482_1.02,1.54228e-05,36.0,6.0,216.0,96.0,1.5943411316795786e-08,1.1525859965788214e-05,TLX2,SP7,TLX2$\longleftrightarrow$SP7,Homeodomain,C2H2 ZF,C2H2 ZF$\longleftrightarrow$Homeodomain
69,filter97$\longleftrightarrow$filter184,14733,M0891_1.02,0.0026062,M4459_1.02,0.00536543,12.0,6.0,227.0,124.0,0.001239614917471,0.0499929669405393,TLX2,EGR1,EGR1$\longleftrightarrow$TLX2,Homeodomain,C2H2 ZF,C2H2 ZF$\longleftrightarrow$Homeodomain
70,filter106$\longleftrightarrow$filter112,15534,M0609_1.02,0.0198681,M2314_1.02,0.000382499,228.0,78.0,221.0,94.0,0.000174811820984,0.0113694221010924,DNMT1,SP2,DNMT1$\longleftrightarrow$SP2,CxxC,C2H2 ZF,CxxC$\longleftrightarrow$C2H2 ZF
71,filter106$\longleftrightarrow$filter138,15560,M0609_1.02,0.0198681,M4604_1.02,0.0165503,276.0,54.0,207.0,91.0,2.400249748146593e-05,0.0025780053866379,DNMT1,ZNF263,DNMT1$\longleftrightarrow$ZNF263,CxxC,C2H2 ZF,CxxC$\longleftrightarrow$C2H2 ZF
72,filter106$\longleftrightarrow$filter140,15562,M0609_1.02,0.0198681,M6482_1.02,0.0115435,6.0,24.0,184.0,111.0,0.0002214983055097,0.0133012209276723,DNMT1,SP7,DNMT1$\longleftrightarrow$SP7,CxxC,C2H2 ZF,CxxC$\longleftrightarrow$C2H2 ZF
73,filter108$\longleftrightarrow$filter112,15717,M0891_1.02,0.00301044,M2314_1.02,0.000382499,348.0,60.0,220.0,131.0,5.72104583839248e-06,0.000846714784082,TLX2,SP2,TLX2$\longleftrightarrow$SP2,Homeodomain,C2H2 ZF,C2H2 ZF$\longleftrightarrow$Homeodomain
74,filter108$\longleftrightarrow$filter184,15789,M0891_1.02,0.00301044,M4459_1.02,0.00536543,54.0,144.0,220.0,136.0,0.0005037504341607,0.0257296009795809,TLX2,EGR1,EGR1$\longleftrightarrow$TLX2,Homeodomain,C2H2 ZF,C2H2 ZF$\longleftrightarrow$Homeodomain
75,filter112$\longleftrightarrow$filter127,16086,M2314_1.02,0.000382499,M6519_1.02,0.0149825,114.0,36.0,137.0,103.0,3.549255420115903e-05,0.0034092125439358,SP2,TGIF1,SP2$\longleftrightarrow$TGIF1,C2H2 ZF,Homeodomain,C2H2 ZF$\longleftrightarrow$Homeodomain
76,filter112$\longleftrightarrow$filter128,16087,M2314_1.02,0.000382499,M0609_1.02,0.0295575,288.0,72.0,115.0,91.0,0.0011430984337705,0.0472212706838497,SP2,DNMT1,DNMT1$\longleftrightarrow$SP2,C2H2 ZF,CxxC,CxxC$\longleftrightarrow$C2H2 ZF
77,filter112$\longleftrightarrow$filter129,16088,M2314_1.02,0.000382499,M0609_1.02,0.00722919,120.0,78.0,187.0,112.0,0.0005747997043951,0.0280621694644428,SP2,DNMT1,DNMT1$\longleftrightarrow$SP2,C2H2 ZF,CxxC,CxxC$\longleftrightarrow$C2H2 ZF
78,filter112$\longleftrightarrow$filter135,16094,M2314_1.02,0.000382499,M4640_1.02,0.0301633,18.0,138.0,215.0,108.0,6.747475577038847e-11,1.811793584943174e-07,SP2,ZBTB7A,SP2$\longleftrightarrow$ZBTB7A,C2H2 ZF,C2H2 ZF,C2H2 ZF$\longleftrightarrow$C2H2 ZF
79,filter112$\longleftrightarrow$filter138,16097,M2314_1.02,0.000382499,M4604_1.02,0.0165503,126.0,24.0,211.0,92.0,2.527619540437924e-06,0.000444010625066,SP2,ZNF263,ZNF263$\longleftrightarrow$SP2,C2H2 ZF,C2H2 ZF,C2H2 ZF$\longleftrightarrow$C2H2 ZF
80,filter112$\longleftrightarrow$filter140,16099,M2314_1.02,0.000382499,M6482_1.02,0.0115435,210.0,6.0,196.0,110.0,9.710876292754292e-08,3.725012873441014e-05,SP2,SP7,SP2$\longleftrightarrow$SP7,C2H2 ZF,C2H2 ZF,C2H2 ZF$\longleftrightarrow$C2H2 ZF
81,filter112$\longleftrightarrow$filter152,16111,M2314_1.02,0.000382499,M0609_1.02,0.0428993,228.0,78.0,188.0,123.0,0.0005426895380736,0.0271343998013727,SP2,DNMT1,DNMT1$\longleftrightarrow$SP2,C2H2 ZF,CxxC,CxxC$\longleftrightarrow$C2H2 ZF
82,filter112$\longleftrightarrow$filter157,16116,M2314_1.02,0.000382499,M6482_1.02,0.00647809,246.0,162.0,172.0,110.0,4.1338961514218766e-05,0.0037776707015105,SP2,SP7,SP2$\longleftrightarrow$SP7,C2H2 ZF,C2H2 ZF,C2H2 ZF$\longleftrightarrow$C2H2 ZF
83,filter112$\longleftrightarrow$filter169,16128,M2314_1.02,0.000382499,M0607_1.02,0.0183426,120.0,114.0,211.0,125.0,0.0005209440772633,0.0264639591249799,SP2,KDM2B,KDM2B$\longleftrightarrow$SP2,C2H2 ZF,CxxC,CxxC$\longleftrightarrow$C2H2 ZF
84,filter112$\longleftrightarrow$filter171,16130,M2314_1.02,0.000382499,M1668_1.02,0.00131286,72.0,12.0,226.0,112.0,2.1764479134538e-08,1.3636171660425874e-05,SP2,PRKRIR,SP2$\longleftrightarrow$PRKRIR,C2H2 ZF,THAP finger,C2H2 ZF$\longleftrightarrow$THAP finger
85,filter112$\longleftrightarrow$filter173,16132,M2314_1.02,0.000382499,M6482_1.02,1.54228e-05,6.0,6.0,214.0,80.0,3.945025827888661e-08,1.951872920575051e-05,SP2,SP7,SP2$\longleftrightarrow$SP7,C2H2 ZF,C2H2 ZF,C2H2 ZF$\longleftrightarrow$C2H2 ZF
86,filter112$\longleftrightarrow$filter184,16143,M2314_1.02,0.000382499,M4459_1.02,0.00536543,282.0,6.0,223.0,111.0,5.665597044428792e-10,8.191581695929505e-07,SP2,EGR1,EGR1$\longleftrightarrow$SP2,C2H2 ZF,C2H2 ZF,C2H2 ZF$\longleftrightarrow$C2H2 ZF
87,filter124$\longleftrightarrow$filter138,17063,M1110_1.02,0.0243189,M4604_1.02,0.0165503,354.0,12.0,83.0,108.0,0.0007904979708212,0.0352090044065298,HHEX,ZNF263,HHEX$\longleftrightarrow$ZNF263,Homeodomain,C2H2 ZF,C2H2 ZF$\longleftrightarrow$Homeodomain
88,filter127$\longleftrightarrow$filter184,17328,M6519_1.02,0.0149825,M4459_1.02,0.00536543,24.0,6.0,138.0,105.0,0.0004700533238942,0.0242058144545662,TGIF1,EGR1,TGIF1$\longleftrightarrow$EGR1,Homeodomain,C2H2 ZF,C2H2 ZF$\longleftrightarrow$Homeodomain
89,filter129$\longleftrightarrow$filter135,17420,M0609_1.02,0.00722919,M4640_1.02,0.0301633,114.0,132.0,173.0,131.0,0.0001987797692048,0.0121702428077344,DNMT1,ZBTB7A,DNMT1$\longleftrightarrow$ZBTB7A,CxxC,C2H2 ZF,CxxC$\longleftrightarrow$C2H2 ZF
90,filter129$\longleftrightarrow$filter138,17423,M0609_1.02,0.00722919,M4604_1.02,0.0165503,12.0,132.0,173.0,113.0,0.0003402408553031,0.0186993190534442,DNMT1,ZNF263,DNMT1$\longleftrightarrow$ZNF263,CxxC,C2H2 ZF,CxxC$\longleftrightarrow$C2H2 ZF
91,filter135$\longleftrightarrow$filter138,17822,M4640_1.02,0.0301633,M4604_1.02,0.0165503,312.0,36.0,197.0,97.0,7.492428453776977e-06,0.0010279393081546,ZBTB7A,ZNF263,ZBTB7A$\longleftrightarrow$ZNF263,C2H2 ZF,C2H2 ZF,C2H2 ZF$\longleftrightarrow$C2H2 ZF
92,filter135$\longleftrightarrow$filter140,17824,M4640_1.02,0.0301633,M6482_1.02,0.0115435,30.0,456.0,178.0,115.0,0.0004631134376525,0.0239139565223014,ZBTB7A,SP7,ZBTB7A$\longleftrightarrow$SP7,C2H2 ZF,C2H2 ZF,C2H2 ZF$\longleftrightarrow$C2H2 ZF
93,filter135$\longleftrightarrow$filter171,17855,M4640_1.02,0.0301633,M1668_1.02,0.00131286,30.0,96.0,211.0,117.0,1.433463729061563e-05,0.0017217248908941,ZBTB7A,PRKRIR,ZBTB7A$\longleftrightarrow$PRKRIR,C2H2 ZF,THAP finger,C2H2 ZF$\longleftrightarrow$THAP finger
94,filter135$\longleftrightarrow$filter173,17857,M4640_1.02,0.0301633,M6482_1.02,1.54228e-05,174.0,66.0,200.0,94.0,1.1321159678406574e-05,0.0014377872791576,ZBTB7A,SP7,ZBTB7A$\longleftrightarrow$SP7,C2H2 ZF,C2H2 ZF,C2H2 ZF$\longleftrightarrow$C2H2 ZF
95,filter135$\longleftrightarrow$filter184,17868,M4640_1.02,0.0301633,M4459_1.02,0.00536543,102.0,114.0,210.0,119.0,1.3221141909164685e-06,0.0002661032998865,ZBTB7A,EGR1,EGR1$\longleftrightarrow$ZBTB7A,C2H2 ZF,C2H2 ZF,C2H2 ZF$\longleftrightarrow$C2H2 ZF
96,filter138$\longleftrightarrow$filter140,18010,M4604_1.02,0.0165503,M6482_1.02,0.0115435,6.0,24.0,182.0,96.0,0.000536710804717,0.0269929378640108,ZNF263,SP7,ZNF263$\longleftrightarrow$SP7,C2H2 ZF,C2H2 ZF,C2H2 ZF$\longleftrightarrow$C2H2 ZF
97,filter138$\longleftrightarrow$filter152,18022,M4604_1.02,0.0165503,M0609_1.02,0.0428993,186.0,12.0,175.0,115.0,0.0012445768945325,0.0499929669405393,ZNF263,DNMT1,DNMT1$\longleftrightarrow$ZNF263,C2H2 ZF,CxxC,CxxC$\longleftrightarrow$C2H2 ZF
98,filter138$\longleftrightarrow$filter157,18027,M4604_1.02,0.0165503,M6482_1.02,0.00647809,54.0,270.0,159.0,92.0,0.0002580151006313,0.0151551619733354,ZNF263,SP7,ZNF263$\longleftrightarrow$SP7,C2H2 ZF,C2H2 ZF,C2H2 ZF$\longleftrightarrow$C2H2 ZF
99,filter138$\longleftrightarrow$filter171,18041,M4604_1.02,0.0165503,M1668_1.02,0.00131286,84.0,60.0,210.0,92.0,0.0004305198321473,0.0226034937571004,ZNF263,PRKRIR,ZNF263$\longleftrightarrow$PRKRIR,C2H2 ZF,THAP finger,C2H2 ZF$\longleftrightarrow$THAP finger
100,filter138$\longleftrightarrow$filter173,18043,M4604_1.02,0.0165503,M6482_1.02,1.54228e-05,144.0,24.0,202.0,80.0,0.0001512817053829,0.0100833011857345,ZNF263,SP7,ZNF263$\longleftrightarrow$SP7,C2H2 ZF,C2H2 ZF,C2H2 ZF$\longleftrightarrow$C2H2 ZF
101,filter138$\longleftrightarrow$filter184,18054,M4604_1.02,0.0165503,M4459_1.02,0.00536543,162.0,6.0,212.0,89.0,5.846632499542473e-07,0.0001505387732347,ZNF263,EGR1,EGR1$\longleftrightarrow$ZNF263,C2H2 ZF,C2H2 ZF,C2H2 ZF$\longleftrightarrow$C2H2 ZF
102,filter140$\longleftrightarrow$filter171,18160,M6482_1.02,0.0115435,M1668_1.02,0.00131286,12.0,210.0,188.0,128.0,6.228468773410022e-07,0.0001560937320866,SP7,PRKRIR,SP7$\longleftrightarrow$PRKRIR,C2H2 ZF,THAP finger,C2H2 ZF$\longleftrightarrow$THAP finger
103,filter140$\longleftrightarrow$filter184,18173,M6482_1.02,0.0115435,M4459_1.02,0.00536543,60.0,60.0,187.0,119.0,2.418209510093477e-09,2.840791621982312e-06,SP7,EGR1,EGR1$\longleftrightarrow$SP7,C2H2 ZF,C2H2 ZF,C2H2 ZF$\longleftrightarrow$C2H2 ZF
104,filter171$\longleftrightarrow$filter173,19495,M1668_1.02,0.00131286,M6482_1.02,1.54228e-05,30.0,12.0,212.0,85.0,5.321016510037689e-05,0.0045579091273587,PRKRIR,SP7,SP7$\longleftrightarrow$PRKRIR,THAP finger,C2H2 ZF,C2H2 ZF$\longleftrightarrow$THAP finger
105,filter171$\longleftrightarrow$filter184,19506,M1668_1.02,0.00131286,M4459_1.02,0.00536543,450.0,84.0,221.0,113.0,3.929154165864697e-05,0.0036380483596843,PRKRIR,EGR1,EGR1$\longleftrightarrow$PRKRIR,THAP finger,C2H2 ZF,C2H2 ZF$\longleftrightarrow$THAP finger
106,filter173$\longleftrightarrow$filter184,19559,M6482_1.02,1.54228e-05,M4459_1.02,0.00536543,6.0,6.0,210.0,97.0,1.9245018041040533e-07,6.319100185284325e-05,SP7,EGR1,EGR1$\longleftrightarrow$SP7,C2H2 ZF,C2H2 ZF,C2H2 ZF$\longleftrightarrow$C2H2 ZF
